[
  {
    "libraryIdentifier" : "d5f02d946b0b53639bfafc8cace8cb99",
    "format" : "model",
    "displayName" : "sun.usdz"
  },
  {
    "libraryIdentifier" : "c9b2f66c4b8030498635dd87c96050a6",
    "format" : "model",
    "displayName" : "mercury.usdz"
  },
  {
    "libraryIdentifier" : "2604c80fef068b88768c1dab04b22cd0",
    "format" : "model",
    "displayName" : "venus.usdz"
  },
  {
    "libraryIdentifier" : "669d00c9650c7490aaf8155d0a430400",
    "format" : "model",
    "displayName" : "earth.usdz"
  },
  {
    "libraryIdentifier" : "38de4b44c8e17f348951ceb1ef07e998",
    "format" : "model",
    "displayName" : "mars.usdz"
  },
  {
    "libraryIdentifier" : "ac304a066f854407480a2f48d6fc5602",
    "format" : "model",
    "displayName" : "saturn.usdz"
  },
  {
    "libraryIdentifier" : "138fabc539506b72dd2d79bfcef1a0d6",
    "format" : "model",
    "displayName" : "uranus.usdz"
  },
  {
    "libraryIdentifier" : "d97c717b449198635aa681e6473d670d",
    "format" : "model",
    "displayName" : "neptune.usdz"
  }
]